City_ID,City,Lat,Lng,Max Temp,Humidity,Cloudiness,Wind Speed,Country,Date
0,Talnakh,69.4865,88.3972,-0.76,96,100,7.58,RU,2021-03-22 17:33:38
1,Kapaa,22.0752,-159.319,71.6,53,1,17.27,US,2021-03-22 17:33:40
2,Komsomolskiy,40.4272,71.7189,53.6,50,100,4.61,UZ,2021-03-22 17:33:41
3,Ambanja,-13.6833,48.45,76.15,92,100,3.09,MG,2021-03-22 17:33:45
4,New Norfolk,-42.7826,147.0587,57.99,68,79,1.81,AU,2021-03-22 17:33:46
5,Tahe,52.3333,124.7333,23.52,86,46,8.03,CN,2021-03-22 17:33:48
6,Barrow,71.2906,-156.7887,-20.2,63,1,8.05,US,2021-03-22 17:33:50
7,Morgan City,29.6994,-91.2068,73.99,73,75,16.11,US,2021-03-22 17:33:51
8,Kaitangata,-46.2817,169.8464,50.04,94,90,4.07,NZ,2021-03-22 17:33:52
9,Amberley,39.2048,-84.428,68.0,42,1,6.91,US,2021-03-22 17:33:53
10,Sitka,57.0531,-135.33,35.6,93,90,3.44,US,2021-03-22 17:33:10
11,Mataura,-46.1927,168.8643,53.01,97,88,3.0,NZ,2021-03-22 17:33:57
12,Sinjar,36.3209,41.8754,60.93,51,100,8.97,IQ,2021-03-22 17:33:58
13,Chuy,-33.6971,-53.4616,72.07,68,48,10.58,UY,2021-03-22 17:33:59
14,Bulanash,57.2783,61.9965,18.63,89,9,6.85,RU,2021-03-22 17:34:00
15,Jamestown,42.097,-79.2353,64.99,20,1,9.17,US,2021-03-22 17:34:00
16,Datong,40.0936,113.2914,35.24,38,0,7.83,CN,2021-03-22 17:34:01
17,Busselton,-33.65,115.3333,48.99,90,40,12.17,AU,2021-03-22 17:33:18
18,Oga,46.4631,10.347,33.8,54,20,14.97,IT,2021-03-22 17:34:03
19,Tandil,-37.3217,-59.1332,72.0,40,23,5.01,AR,2021-03-22 17:34:03
20,Chumikan,54.7183,135.315,8.62,83,44,7.29,RU,2021-03-22 17:34:03
21,Hobart,-42.8794,147.3294,57.99,88,78,3.44,AU,2021-03-22 17:33:43
22,Vaini,-21.2,-175.2,75.2,88,20,6.91,TO,2021-03-22 17:34:05
23,Port Elizabeth,-33.918,25.5701,64.4,77,0,4.61,ZA,2021-03-22 17:34:06
24,Bubaque,11.2833,-15.8333,77.11,62,69,13.85,GW,2021-03-22 17:34:07
25,Batemans Bay,-35.7167,150.1833,64.0,96,100,1.01,AU,2021-03-22 17:34:07
26,Roseburg,43.2165,-123.3417,48.99,76,90,3.44,US,2021-03-22 17:34:08
27,Castro,-24.7911,-50.0119,77.92,73,51,2.91,BR,2021-03-22 17:34:08
28,Lavrentiya,65.5833,-171.0,-6.12,81,95,5.21,RU,2021-03-22 17:34:09
29,Broome,42.2506,-75.833,63.0,26,0,7.0,US,2021-03-22 17:34:09
30,Rosa,45.9306,12.8708,50.0,40,20,4.61,IT,2021-03-22 17:34:09
31,Leh,34.1667,77.5833,29.41,73,90,7.36,IN,2021-03-22 17:34:10
32,San Pedro,14.35,121.0167,82.4,65,40,4.61,PH,2021-03-22 17:34:10
33,Wajima,37.4,136.9,44.2,63,76,15.66,JP,2021-03-22 17:34:10
34,Bluff,-46.6,168.3333,53.01,97,83,3.0,NZ,2021-03-22 17:34:10
35,Sola,-13.8833,167.55,80.96,68,96,0.76,VU,2021-03-22 17:34:11
36,Tasiilaq,65.6145,-37.6368,21.2,68,40,10.36,GL,2021-03-22 17:34:11
37,Tura,25.5198,90.2201,75.58,18,0,2.64,IN,2021-03-22 17:34:11
38,Tabuny,52.7773,78.7896,24.91,92,96,8.7,RU,2021-03-22 17:34:11
39,Cherskiy,68.75,161.3,-9.26,52,3,4.92,RU,2021-03-22 17:34:12
40,Khani,41.9563,42.9566,55.4,54,90,31.07,GE,2021-03-22 17:34:12
41,Rikitea,-23.1203,-134.9692,80.17,72,0,8.77,PF,2021-03-22 17:34:12
42,Karasuk,53.7377,78.0403,26.56,93,100,10.16,RU,2021-03-22 17:34:13
43,Summerland,49.5998,-119.6691,44.6,56,81,8.05,CA,2021-03-22 17:34:13
44,Mulchen,-37.7167,-72.2333,75.2,41,0,10.36,CL,2021-03-22 17:34:13
45,Praia Da Vitoria,38.7333,-27.0667,64.4,68,40,8.88,PT,2021-03-22 17:30:49
46,Butaritari,3.0707,172.7902,81.12,82,65,16.58,KI,2021-03-22 17:34:13
47,Kalmunai,7.4167,81.8167,79.95,76,100,6.06,LK,2021-03-22 17:34:14
48,Chokurdakh,70.6333,147.9167,-18.15,81,66,3.51,RU,2021-03-22 17:34:14
49,Victoria,22.2855,114.1577,64.99,65,17,14.94,HK,2021-03-22 17:33:47
50,Cordoba,-31.4135,-64.1811,73.4,49,20,5.75,AR,2021-03-22 17:30:29
51,Roma,43.2128,-75.4557,64.0,23,1,6.13,US,2021-03-22 17:34:14
52,Yulara,-25.2406,130.9889,69.8,94,90,5.75,AU,2021-03-22 17:34:15
53,Yellowknife,62.456,-114.3525,-11.99,58,1,6.91,CA,2021-03-22 17:34:15
54,Albany,42.6001,-73.9662,63.0,15,0,5.19,US,2021-03-22 17:34:15
55,Norman Wells,65.282,-126.8329,-13.0,77,75,2.3,CA,2021-03-22 17:34:15
56,Faanui,-16.4833,-151.75,83.05,77,8,15.7,PF,2021-03-22 17:34:16
57,Oksfjord,70.2396,22.3479,33.8,75,75,12.66,NO,2021-03-22 17:34:16
58,Berlevag,70.8578,29.0864,26.6,68,20,18.41,NO,2021-03-22 17:34:16
59,Bandarbeyla,9.4942,50.8122,78.87,62,31,10.09,SO,2021-03-22 17:34:17
60,Hilo,19.7297,-155.09,68.0,88,90,5.75,US,2021-03-22 17:31:11
61,Arraial Do Cabo,-22.9661,-42.0278,95.0,58,0,9.22,BR,2021-03-22 17:34:17
62,Bonfim,3.0833,-59.95,94.06,40,58,9.04,BR,2021-03-22 17:34:17
63,Santiago De Cuba,20.0247,-75.8219,84.2,65,40,8.05,CU,2021-03-22 17:32:36
64,Raga,8.4596,25.678,86.02,41,89,2.64,SS,2021-03-22 17:34:18
65,Placido De Castro,-10.3353,-67.1856,71.53,99,100,1.88,BR,2021-03-22 17:34:18
66,Nizwa,22.9333,57.5333,73.0,27,0,7.43,OM,2021-03-22 17:34:18
67,Kamyshlov,56.8428,62.7111,17.01,90,3,8.5,RU,2021-03-22 17:34:18
68,Khatanga,71.9667,102.5,-14.67,78,77,12.06,RU,2021-03-22 17:34:19
69,Qaanaaq,77.484,-69.3632,-9.98,96,97,1.52,GL,2021-03-22 17:34:19
70,San Jose Del Potrero,14.8333,-87.2833,75.2,69,40,6.91,HN,2021-03-22 17:34:19
71,Hermanus,-34.4187,19.2345,66.99,73,0,10.0,ZA,2021-03-22 17:34:20
72,Saskylakh,71.9167,114.0833,-29.51,97,0,6.44,RU,2021-03-22 17:34:20
73,Umm Lajj,25.0213,37.2685,82.65,49,0,12.08,SA,2021-03-22 17:34:20
74,Tazovskiy,67.4667,78.7,-1.01,96,78,7.99,RU,2021-03-22 17:34:20
75,Shihezi,44.3,86.0333,31.24,82,6,0.43,CN,2021-03-22 17:34:21
76,Kaseda,31.4167,130.3167,41.0,65,47,8.01,JP,2021-03-22 17:34:21
77,Saint George,37.1041,-113.5841,54.0,36,1,6.91,US,2021-03-22 17:33:14
78,Port Lincoln,-34.7333,135.8667,65.57,81,0,5.53,AU,2021-03-22 17:34:21
79,Atuona,-9.8,-139.0333,79.88,77,92,19.37,PF,2021-03-22 17:32:49
80,Ushuaia,-54.8,-68.3,59.0,63,40,11.5,AR,2021-03-22 17:33:52
81,Devonport,-41.1667,146.35,60.01,83,98,12.55,AU,2021-03-22 17:34:22
82,Tamasane,-22.4184,27.4013,75.2,73,20,4.61,BW,2021-03-22 17:34:22
83,Lebu,-37.6167,-73.65,62.85,73,5,10.47,CL,2021-03-22 17:34:22
84,Waipawa,-41.4122,175.5153,57.2,88,75,8.05,NZ,2021-03-22 17:34:22
85,Conde,-7.2597,-34.9075,86.0,66,20,12.66,BR,2021-03-22 17:34:23
86,Rapid Valley,44.0625,-103.1463,51.01,34,1,20.71,US,2021-03-22 17:34:23
87,Sinnamary,5.3833,-52.95,75.74,91,100,14.14,GF,2021-03-22 17:34:24
88,Bambous Virieux,-20.3428,57.7575,81.0,89,40,3.44,MU,2021-03-22 17:34:24
89,Saint-Philippe,-21.3585,55.7679,80.6,78,0,1.14,RE,2021-03-22 17:34:24
90,Emba,48.8264,58.1442,15.08,89,0,4.07,KZ,2021-03-22 17:34:24
91,Codrington,-38.2667,141.9667,61.12,94,4,6.53,AU,2021-03-22 17:34:25
92,Oro Valley,32.3909,-110.9665,60.01,19,0,10.0,US,2021-03-22 17:34:25
93,Genc,38.7507,40.5603,48.69,88,85,7.74,TR,2021-03-22 17:32:16
94,Avarua,-21.2078,-159.775,80.6,83,20,8.05,CK,2021-03-22 17:34:25
95,Gavle,60.6745,17.1417,45.0,63,95,5.5,SE,2021-03-22 17:33:56
96,Bredasdorp,-34.5322,20.0403,64.4,72,0,13.8,ZA,2021-03-22 17:34:26
97,Solin,43.55,16.5,48.2,29,0,16.11,HR,2021-03-22 17:34:26
98,Dunedin,-45.8742,170.5036,57.0,86,60,1.99,NZ,2021-03-22 17:32:28
99,Inverell,-29.7833,151.1167,66.0,98,100,1.01,AU,2021-03-22 17:34:26
100,Kargasok,59.0556,80.8572,19.74,91,99,2.98,RU,2021-03-22 17:34:26
101,Khorixas,-20.3667,14.9667,77.07,52,98,13.85,NA,2021-03-22 17:34:27
102,Iqaluit,63.7506,-68.5145,-13.0,64,20,32.21,CA,2021-03-22 17:34:27
103,Mareeba,-17.0,145.4333,73.4,94,100,1.14,AU,2021-03-22 17:34:27
104,Havelock,34.8791,-76.9013,57.99,100,90,20.71,US,2021-03-22 17:34:28
105,Wenatchee,47.4235,-120.3103,45.0,70,1,4.61,US,2021-03-22 17:34:28
106,Nikolskoye,59.7035,30.7861,30.2,55,40,8.95,RU,2021-03-22 17:34:28
107,Puerto Escondido,15.85,-97.0667,86.0,79,20,9.22,MX,2021-03-22 17:34:29
108,Sulangan,11.1373,123.7228,81.21,78,99,16.06,PH,2021-03-22 17:34:29
109,Merauke,-8.4667,140.3333,78.13,74,28,2.89,ID,2021-03-22 17:34:29
110,Valparaiso,-33.0393,-71.6273,77.0,38,0,3.44,CL,2021-03-22 17:34:30
111,Taunggyi,20.7833,97.0333,63.97,34,0,3.56,MM,2021-03-22 17:34:30
112,Vallenar,-28.5708,-70.7581,87.3,18,0,10.4,CL,2021-03-22 17:34:30
113,Vestmannaeyjar,63.4427,-20.2734,37.4,70,20,36.82,IS,2021-03-22 17:34:30
114,Tilichiki,60.4667,166.1,15.78,95,100,11.14,RU,2021-03-22 17:34:31
115,Ola,59.5833,151.2833,12.81,76,100,28.27,RU,2021-03-22 17:34:31
116,Nayoro,44.3506,142.4578,30.87,91,88,9.4,JP,2021-03-22 17:34:31
117,Xichang,27.8964,102.2634,45.99,81,7,2.77,CN,2021-03-22 17:34:32
118,Kodiak,57.79,-152.4072,30.2,93,90,4.61,US,2021-03-22 17:30:35
119,Muros,42.7762,-9.0603,66.99,62,0,11.01,ES,2021-03-22 17:34:32
120,Port Alfred,-33.5906,26.891,64.9,74,2,7.67,ZA,2021-03-22 17:34:33
121,Yurga,55.7231,84.8861,32.4,98,100,6.87,RU,2021-03-22 17:34:15
122,Niquelandia,-14.4739,-48.4597,80.74,69,100,7.2,BR,2021-03-22 17:34:33
123,Dikson,73.5069,80.5464,-10.39,80,100,5.17,RU,2021-03-22 17:34:33
124,Ponta Do Sol,32.6667,-17.1,62.6,59,40,11.5,PT,2021-03-22 17:34:33
125,Pizarro,4.9533,-77.366,80.42,83,84,9.46,CO,2021-03-22 17:34:34
126,Hithadhoo,-0.6,73.0833,83.82,73,57,10.11,MV,2021-03-22 17:34:34
127,Hami,42.8,93.45,44.73,22,80,3.49,CN,2021-03-22 17:34:34
128,Shaunavon,49.6501,-108.4181,37.4,52,64,16.11,CA,2021-03-22 17:34:35
129,Punta Arenas,-53.15,-70.9167,60.8,63,75,18.41,CL,2021-03-22 17:34:35
130,Ghatanji,20.1333,78.3167,83.52,31,22,6.91,IN,2021-03-22 17:34:35
131,Bhatkal,13.9667,74.5667,79.75,83,1,3.15,IN,2021-03-22 17:34:35
132,Atambua,-9.1061,124.8925,74.62,83,35,1.92,ID,2021-03-22 17:34:36
133,Oranjestad,12.524,-70.027,84.2,61,20,23.02,AW,2021-03-22 17:34:36
134,Vanavara,60.34,102.2797,5.0,96,100,3.71,RU,2021-03-22 17:34:36
135,Cape Town,-33.9258,18.4232,71.01,68,0,14.97,ZA,2021-03-22 17:30:05
136,Hegang,47.4,130.3667,27.27,74,35,6.71,CN,2021-03-22 17:34:37
137,Carnarvon,-24.8667,113.6333,75.2,78,0,20.71,AU,2021-03-22 17:34:37
138,Mao,39.8885,4.2658,53.6,58,20,18.41,ES,2021-03-22 17:34:38
139,Sao Joao Da Barra,-21.6403,-41.0511,89.6,48,0,4.61,BR,2021-03-22 17:34:38
140,Baykit,61.67,96.37,14.2,97,100,2.04,RU,2021-03-22 17:34:38
141,Mecca,21.4267,39.8261,82.26,41,0,2.1,SA,2021-03-22 17:33:01
142,San Quintin,30.4833,-115.95,62.19,49,35,8.7,MX,2021-03-22 17:34:39
143,Najran,17.4924,44.1277,77.0,19,0,5.75,SA,2021-03-22 17:34:39
144,Wakkanai,45.4094,141.6739,35.91,75,88,14.29,JP,2021-03-22 17:34:39
145,Tuktoyaktuk,69.4541,-133.0374,-18.4,76,1,10.36,CA,2021-03-22 17:34:40
146,Dongying,37.4564,118.4856,50.86,27,0,10.54,CN,2021-03-22 17:34:40
147,Boden,65.8252,21.6886,28.4,86,0,8.05,SE,2021-03-22 17:34:40
148,Daru,-9.0763,143.2092,78.78,88,44,3.04,PG,2021-03-22 17:34:12
149,Kutum,14.2,24.6667,78.44,16,31,4.83,SD,2021-03-22 17:34:41
150,Isiro,2.7739,27.616,74.61,72,74,1.72,CD,2021-03-22 17:34:41
151,Longido,-2.7333,36.6833,76.26,42,49,14.16,TZ,2021-03-22 17:34:41
152,Balaka,-14.9793,34.9558,69.78,96,100,3.87,MW,2021-03-22 17:34:42
153,San Patricio,28.017,-97.5169,77.0,57,75,24.16,US,2021-03-22 17:34:42
154,Fortuna,40.5982,-124.1573,51.01,81,90,8.05,US,2021-03-22 17:34:42
155,Mananara,-16.1667,49.7667,77.68,89,100,0.78,MG,2021-03-22 17:34:43
156,Asau,46.4333,26.4,36.0,47,100,6.93,RO,2021-03-22 17:34:44
157,East London,-33.0153,27.9116,64.4,77,0,3.44,ZA,2021-03-22 17:34:44
158,Brufut,13.3814,-16.7518,80.6,50,0,2.3,GM,2021-03-22 17:34:44
159,Micco,27.8806,-80.5003,72.0,64,32,4.7,US,2021-03-22 17:34:45
160,Kongwa,-6.2,36.4167,67.59,91,75,3.89,TZ,2021-03-22 17:34:45
161,Katsuura,35.1333,140.3,48.0,46,87,12.59,JP,2021-03-22 17:34:45
162,Pevek,69.7008,170.3133,-20.83,87,0,3.78,RU,2021-03-22 17:34:45
163,Itupiranga,-5.1347,-49.3267,87.8,58,40,6.91,BR,2021-03-22 17:34:46
164,Port Hardy,50.6996,-127.4199,42.8,87,75,6.91,CA,2021-03-22 17:34:46
165,Poum,-20.2333,164.0167,77.88,76,48,12.86,NC,2021-03-22 17:34:46
166,Konya,38.1667,32.5,59.0,38,20,9.22,TR,2021-03-22 17:34:47
167,Kijang,35.2442,129.2139,41.0,45,0,6.91,KR,2021-03-22 17:34:24
168,Nogales,31.3086,-110.9422,57.99,18,1,17.27,MX,2021-03-22 17:34:47
169,Geraldton,-28.7667,114.6,68.0,77,90,12.66,AU,2021-03-22 17:30:43
170,Pangnirtung,66.1451,-65.7125,-14.8,70,20,2.3,CA,2021-03-22 17:34:47
171,Melfi,40.9965,15.6514,37.0,74,76,1.99,IT,2021-03-22 17:34:48
172,Peniche,39.3558,-9.3811,59.0,60,0,11.01,PT,2021-03-22 17:34:48
173,Bambanglipuro,-7.95,110.2833,77.45,86,100,3.94,ID,2021-03-22 17:33:02
174,Kailua,21.4022,-157.7394,71.6,64,75,8.05,US,2021-03-22 17:34:48
175,Fougamou,-1.2154,10.5838,74.08,98,100,2.71,GA,2021-03-22 17:34:49
176,Tual,-5.6667,132.75,84.54,66,68,3.06,ID,2021-03-22 17:34:49
177,Nanning,22.8167,108.3167,59.0,63,0,2.24,CN,2021-03-22 17:31:46
178,Airai,-8.9266,125.4092,61.21,91,73,0.87,TL,2021-03-22 17:34:49
179,Mount Isa,-20.7333,139.5,80.6,69,90,9.22,AU,2021-03-22 17:34:50
180,Changde,29.0464,111.6783,52.14,60,84,3.15,CN,2021-03-22 17:34:50
181,Jaisalmer,26.9147,70.9181,78.24,35,61,15.68,IN,2021-03-22 17:34:51
182,Ancud,-41.8697,-73.8203,64.4,55,20,4.61,CL,2021-03-22 17:34:51
183,Cimarron Hills,38.8586,-104.6989,35.6,75,90,11.5,US,2021-03-22 17:34:51
184,San Cristobal,7.7669,-72.225,84.2,51,40,13.8,VE,2021-03-22 17:34:51
185,Acari,-15.4311,-74.6158,82.98,53,69,11.72,PE,2021-03-22 17:34:52
186,San Jose,37.3394,-121.895,55.0,62,75,4.61,US,2021-03-22 17:34:18
187,Goderich,43.7501,-81.7165,60.8,29,72,16.11,CA,2021-03-22 17:32:44
188,Lagoa,39.05,-27.9833,58.66,78,73,15.21,PT,2021-03-22 17:34:52
189,Sampang,-7.1872,113.2394,80.6,89,20,6.91,ID,2021-03-22 17:34:52
190,Verkhnyaya Inta,65.9811,60.3094,19.04,83,100,9.66,RU,2021-03-22 17:34:53
191,Thompson,55.7435,-97.8558,17.6,49,20,14.97,CA,2021-03-22 17:30:04
192,Ust-Nera,64.5667,143.2,-5.24,98,97,7.23,RU,2021-03-22 17:34:53
193,Mehamn,71.0357,27.8492,26.6,80,75,19.57,NO,2021-03-22 17:34:54
194,Kavakli,41.0926,28.3317,45.0,100,75,17.27,TR,2021-03-22 17:34:54
195,Birao,10.2849,22.7882,90.68,21,95,2.55,CF,2021-03-22 17:34:54
196,Bengkulu,-3.8004,102.2655,76.12,88,100,3.13,ID,2021-03-22 17:34:54
197,Guadalupe Y Calvo,26.1,-106.9667,58.95,28,1,18.39,MX,2021-03-22 17:34:55
198,Ahuimanu,21.4447,-157.8378,71.6,64,75,8.05,US,2021-03-22 17:34:55
199,Severo-Kurilsk,50.6789,156.125,29.48,84,96,19.26,RU,2021-03-22 17:34:55
200,Puerto Ayora,-0.7393,-90.3518,84.2,74,75,13.8,EC,2021-03-22 17:34:56
201,Mogocha,53.7333,119.7667,13.41,91,74,4.97,RU,2021-03-22 17:34:56
202,Jablunka,49.3835,17.9502,36.0,64,0,4.61,CZ,2021-03-22 17:34:56
203,Karratha,-20.7377,116.8463,81.63,58,9,13.42,AU,2021-03-22 17:34:57
204,Bar Harbor,44.3876,-68.2039,57.2,44,1,12.66,US,2021-03-22 17:34:57
205,Sheopur,25.6667,76.7,77.68,33,64,7.4,IN,2021-03-22 17:34:57
206,Sagaing,21.8787,95.9797,82.09,24,0,4.61,MM,2021-03-22 17:34:58
207,Ndele,8.4109,20.6473,86.0,45,77,4.47,CF,2021-03-22 17:34:58
208,Mindelo,16.8901,-24.9804,75.2,53,20,23.02,CV,2021-03-22 17:31:15
209,Trofors,65.5333,13.4063,42.8,81,75,5.75,NO,2021-03-22 17:34:58
210,Gat,31.61,34.7642,77.0,51,99,5.01,IL,2021-03-22 17:34:59
211,Tagusao,9.1924,117.8141,81.12,79,97,5.39,PH,2021-03-22 17:34:59
212,Hobyo,5.3505,48.5268,79.66,74,0,17.16,SO,2021-03-22 17:34:59
213,Cabo San Lucas,22.8909,-109.9124,80.01,36,75,3.44,MX,2021-03-22 17:33:31
214,Sur,22.5667,59.5289,72.25,78,0,1.21,OM,2021-03-22 17:34:59
215,Rocha,-34.4833,-54.3333,72.27,64,64,9.42,UY,2021-03-22 17:35:00
216,Boulder,40.0833,-105.3505,37.4,93,90,5.75,US,2021-03-22 17:30:30
217,Nanortalik,60.1432,-45.2371,26.13,70,34,14.99,GL,2021-03-22 17:35:00
218,Makinsk,52.6292,70.4169,12.16,95,86,7.45,KZ,2021-03-22 17:35:00
219,Pampierstad,-27.7832,24.6877,75.6,28,36,8.25,ZA,2021-03-22 17:32:28
220,Kodinsk,58.6881,99.1844,23.29,96,97,6.24,RU,2021-03-22 17:35:01
221,Darhan,49.4867,105.9228,28.29,77,99,1.77,MN,2021-03-22 17:35:01
222,Cidreira,-30.1811,-50.2056,73.96,74,100,9.13,BR,2021-03-22 17:35:02
223,Gorontalo,0.5412,123.0595,75.67,94,99,3.02,ID,2021-03-22 17:35:02
224,Iskateley,67.6803,53.1512,17.87,96,99,3.67,RU,2021-03-22 17:35:02
225,Esperance,-33.8667,121.9,60.8,88,90,8.05,AU,2021-03-22 17:35:02
226,Nome,64.5011,-165.4064,-2.2,71,1,18.41,US,2021-03-22 17:35:03
227,Miramar,25.9873,-80.2323,75.0,53,40,8.05,US,2021-03-22 17:31:42
228,Inhambane,-23.865,35.3833,78.8,78,40,11.5,MZ,2021-03-22 17:35:03
229,Udachnyy,66.4167,112.4,-24.36,85,7,4.94,RU,2021-03-22 17:35:04
230,Zamania,25.4333,83.5667,75.52,16,32,0.94,IN,2021-03-22 17:35:04
231,Grand Gaube,-20.0064,57.6608,81.0,82,17,1.99,MU,2021-03-22 17:35:04
232,Bonthe,7.5264,-12.505,80.69,72,90,12.62,SL,2021-03-22 17:35:05
233,Doaba,33.4244,70.7364,54.19,80,100,2.93,PK,2021-03-22 17:35:05
234,Xuchang,34.0167,113.8167,53.6,37,0,8.95,CN,2021-03-22 17:35:05
235,Krasnoselkup,65.7,82.4667,0.97,95,100,10.49,RU,2021-03-22 17:35:05
236,Aktau,43.65,51.2,35.6,87,0,2.24,KZ,2021-03-22 17:35:06
237,Nyrob,60.733,56.7202,25.93,95,100,10.38,RU,2021-03-22 17:35:06
238,Chardara,41.2547,67.9692,58.95,53,88,9.19,KZ,2021-03-22 17:35:06
239,Klaksvik,62.2266,-6.589,46.4,87,40,20.71,FO,2021-03-22 17:35:07
240,Ribeira Grande,38.5167,-28.7,62.6,77,40,17.27,PT,2021-03-22 17:35:07
241,Aklavik,68.2191,-135.0107,-14.8,84,1,5.75,CA,2021-03-22 17:35:07
242,Turukhansk,65.8167,87.9833,4.44,95,100,10.16,RU,2021-03-22 17:35:08
243,Yumen,40.2833,97.2,42.21,17,69,16.6,CN,2021-03-22 17:35:08
244,Bogatoye,53.0601,51.3325,24.35,92,45,11.88,RU,2021-03-22 17:35:08
245,Lorengau,-2.0226,147.2712,82.29,77,62,4.32,PG,2021-03-22 17:35:08
246,Rio Gallegos,-51.6226,-69.2181,73.4,25,20,23.02,AR,2021-03-22 17:33:21
247,Banda Aceh,5.5577,95.3222,80.37,80,92,6.73,ID,2021-03-22 17:35:09
248,Mendoza,-32.8908,-68.8272,71.6,43,20,4.61,AR,2021-03-22 17:32:01
249,Ostrovnoy,68.0531,39.5131,20.79,91,61,16.26,RU,2021-03-22 17:35:09
250,Puerto Baquerizo Moreno,-0.9,-89.6,86.0,70,75,11.5,EC,2021-03-22 17:34:27
251,Salalah,17.0151,54.0924,82.4,65,0,4.61,OM,2021-03-22 17:35:10
252,Ahipara,-35.1667,173.1667,56.48,84,55,3.67,NZ,2021-03-22 17:35:10
253,Oranjemund,-28.55,16.4333,68.43,65,16,3.56,NA,2021-03-22 17:35:10
254,Longyearbyen,78.2186,15.6401,12.2,73,40,12.66,SJ,2021-03-22 17:35:11
255,Andrelandia,-21.7397,-44.3092,80.64,54,6,2.46,BR,2021-03-22 17:35:11
256,Hambantota,6.1241,81.1185,79.79,80,100,10.54,LK,2021-03-22 17:35:11
257,At-Bashi,41.1702,75.8106,30.74,63,100,4.7,KG,2021-03-22 17:35:12
258,Saint-Augustin,51.226,-58.6502,38.01,99,81,11.16,CA,2021-03-22 17:35:12
259,Bethel,41.3712,-73.414,61.0,20,1,5.75,US,2021-03-22 17:35:12
260,Laguna,38.421,-121.4238,55.0,66,90,9.22,US,2021-03-22 17:32:36
261,Beipiao,41.7919,120.7792,43.16,27,1,6.4,CN,2021-03-22 17:35:13
262,Pincher Creek,49.4833,-113.952,41.0,41,1,23.02,CA,2021-03-22 17:35:13
263,Bentiu,9.2333,29.8333,87.87,40,84,3.6,SS,2021-03-22 17:35:13
264,Nouadhibou,20.931,-17.0347,68.0,68,0,18.41,MR,2021-03-22 17:35:14
265,Tuatapere,-46.1333,167.6833,53.01,97,100,3.0,NZ,2021-03-22 17:35:14
266,Necochea,-38.5473,-58.7368,73.0,30,14,8.99,AR,2021-03-22 17:35:14
267,Saint Anthony,45.0205,-93.218,55.99,57,1,3.15,US,2021-03-22 17:35:15
268,Cedeno,7.0464,-72.1634,88.43,48,93,2.71,CO,2021-03-22 17:35:15
269,Souillac,-20.5167,57.5167,78.8,89,40,3.44,MU,2021-03-22 17:35:15
270,Atar,20.5169,-13.0499,90.23,7,0,11.88,MR,2021-03-22 17:35:16
271,Landazuri,6.2183,-73.8112,76.57,76,87,3.94,CO,2021-03-22 17:35:16
272,Coihaique,-45.5752,-72.0662,62.6,55,40,12.66,CL,2021-03-22 17:35:16
273,Sidhauli,27.2833,80.8333,82.4,47,40,4.61,IN,2021-03-22 17:35:16
274,Bull Savanna,17.8868,-77.5902,79.41,65,3,8.81,JM,2021-03-22 17:35:17
275,Vila Velha,-20.3297,-40.2925,88.0,66,40,11.5,BR,2021-03-22 17:35:17
276,Port-Gentil,-0.7193,8.7815,78.8,89,40,9.22,GA,2021-03-22 17:35:17
277,Mahebourg,-20.4081,57.7,78.8,89,40,3.44,MU,2021-03-22 17:35:18
278,Miles City,46.4083,-105.8406,42.8,52,90,4.61,US,2021-03-22 17:35:18
279,Mackay,-21.15,149.2,77.0,94,90,6.91,AU,2021-03-22 17:33:17
280,San Francisco,37.7749,-122.4194,55.0,66,40,19.57,US,2021-03-22 17:31:52
281,Leshukonskoye,64.8989,45.7622,22.06,95,100,7.07,RU,2021-03-22 17:35:19
282,Lata,40.1629,-8.3327,64.4,45,0,11.5,PT,2021-03-22 17:35:19
283,Faya,18.3851,42.4509,69.8,68,0,6.91,SA,2021-03-22 17:35:19
284,Makakilo City,21.3469,-158.0858,69.8,72,1,4.61,US,2021-03-22 17:35:19
285,Bongandanga,1.5,21.05,73.76,80,68,2.35,CD,2021-03-22 17:35:20
286,Los Llanos De Aridane,28.6585,-17.9182,64.4,59,75,10.36,ES,2021-03-22 17:35:20
287,Cabanas,22.9758,-82.9219,77.0,47,20,10.36,CU,2021-03-22 17:35:20
288,Yantikovo,55.8216,47.9104,28.4,93,100,11.18,RU,2021-03-22 17:35:21
289,Toba,34.4833,136.85,43.0,78,0,4.0,JP,2021-03-22 17:35:21
290,Cacu,-18.5567,-51.1308,83.59,63,32,7.2,BR,2021-03-22 17:35:21
291,Sorong,-0.8833,131.25,81.54,80,100,8.84,ID,2021-03-22 17:35:21
292,Jasper,37.2001,-94.3502,62.6,51,1,14.97,US,2021-03-22 17:35:22
293,Mar Del Plata,-38.0023,-57.5575,68.0,64,20,8.05,AR,2021-03-22 17:35:22
294,Olean,42.0776,-78.4297,62.01,23,1,6.02,US,2021-03-22 17:35:22
295,Kruisfontein,-34.0033,24.7314,64.99,74,0,1.99,ZA,2021-03-22 17:35:23
296,Hoskote,13.0669,77.7983,77.0,43,20,3.44,IN,2021-03-22 17:35:23
297,Bathsheba,13.2167,-59.5167,86.0,51,75,21.85,BB,2021-03-22 17:35:23
298,Hamilton,39.1834,-84.5333,68.0,42,1,6.91,US,2021-03-22 17:35:24
299,Severo-Yeniseyskiy,60.3725,93.0408,10.72,95,93,4.92,RU,2021-03-22 17:35:24
300,Tarko-Sale,64.9225,77.785,-1.62,97,90,8.9,RU,2021-03-22 17:35:24
301,Maiduguri,11.8464,13.1603,94.86,10,28,10.02,NG,2021-03-22 17:33:23
302,Qaqortoq,60.7167,-46.0333,24.8,54,20,4.61,GL,2021-03-22 17:35:25
303,Gwadar,25.1216,62.3254,74.75,79,0,11.39,PK,2021-03-22 17:35:25
304,Anage,-14.6122,-41.1356,89.46,38,67,8.32,BR,2021-03-22 17:35:25
305,Torbay,47.6666,-52.7314,48.2,46,75,29.93,CA,2021-03-22 17:35:26
306,Beloha,-25.1667,45.05,75.43,88,47,4.27,MG,2021-03-22 17:35:26
307,Nurota,40.5614,65.6886,59.0,58,44,11.5,UZ,2021-03-22 17:35:26
308,Ilulissat,69.2167,-51.1,6.8,78,90,10.36,GL,2021-03-22 17:35:27
309,Abu Dhabi,24.4667,54.3667,77.0,50,0,3.44,AE,2021-03-22 17:34:04
310,Palmer,42.1584,-72.3287,62.01,21,20,4.61,US,2021-03-22 17:30:34
311,Bilibino,68.0546,166.4372,-16.22,53,0,4.05,RU,2021-03-22 17:35:27
312,Upernavik,72.7868,-56.1549,-6.25,88,100,5.12,GL,2021-03-22 17:35:27
313,Blagoyevo,63.3667,47.9167,27.64,97,100,4.05,RU,2021-03-22 17:35:28
314,Tiarei,-17.5333,-149.3333,82.4,69,20,3.44,PF,2021-03-22 17:35:28
315,General Roca,-39.0333,-67.5833,80.6,39,0,2.3,AR,2021-03-22 17:35:28
316,Odienne,9.51,-7.5692,89.67,39,92,4.16,CI,2021-03-22 17:35:29
317,Kununurra,-15.7667,128.7333,77.0,100,90,3.44,AU,2021-03-22 17:35:29
318,San Vicente,-26.6167,-54.1333,89.11,41,71,5.23,AR,2021-03-22 17:35:29
319,Vardo,70.3705,31.1107,21.2,79,66,21.85,NO,2021-03-22 17:35:30
320,Varnamo,57.186,14.04,42.8,65,36,9.22,SE,2021-03-22 17:35:30
321,Tiksi,71.6872,128.8694,-21.53,99,100,6.78,RU,2021-03-22 17:35:30
322,Xambioa,-6.4111,-48.5364,80.13,88,96,1.81,BR,2021-03-22 17:35:31
323,Miri,4.4148,114.0089,77.0,100,40,1.14,MY,2021-03-22 17:35:31
324,Dourbali,11.8091,15.8632,95.11,14,68,5.57,TD,2021-03-22 17:35:31
325,Storforshei,66.4043,14.5233,39.2,87,75,8.05,NO,2021-03-22 17:35:31
326,Henties Bay,-22.116,14.2845,63.0,87,3,1.01,NA,2021-03-22 17:35:32
327,Stokmarknes,68.5646,14.9108,41.0,93,75,5.75,NO,2021-03-22 17:35:32
328,Georgetown,5.4112,100.3354,82.4,78,20,5.75,MY,2021-03-22 17:35:32
329,Tessalit,20.1986,1.0114,79.41,10,1,11.77,ML,2021-03-22 17:35:33
330,Auce,56.4598,22.9017,33.8,93,90,1.14,LV,2021-03-22 17:35:33
331,Kavaratti,10.5669,72.642,83.52,69,0,7.38,IN,2021-03-22 17:35:33
332,Provideniya,64.3833,-173.3,-4.9,82,10,4.41,RU,2021-03-22 17:35:34
333,Kloulklubed,7.0419,134.2556,78.8,89,75,6.91,PW,2021-03-22 17:35:34
334,Cap Malheureux,-19.9842,57.6142,81.0,82,18,1.99,MU,2021-03-22 17:35:34
335,Rio Grande,-32.035,-52.0986,78.8,65,40,11.5,BR,2021-03-22 17:35:35
336,Coro,11.4045,-69.6734,86.09,59,58,18.37,VE,2021-03-22 17:35:35
337,Inhambupe,-11.7844,-38.3531,86.43,52,47,13.02,BR,2021-03-22 17:35:35
338,Cayenne,4.9333,-52.3333,81.0,100,75,3.44,GF,2021-03-22 17:32:07
339,Maumere,-8.6199,122.2111,80.29,81,82,5.97,ID,2021-03-22 17:35:36
340,Meulaboh,4.1363,96.1285,77.83,87,100,4.07,ID,2021-03-22 17:35:36
341,Te Anau,-45.4167,167.7167,52.38,94,27,0.16,NZ,2021-03-22 17:35:36
342,Saint-Joseph,-21.3667,55.6167,80.6,78,0,1.14,RE,2021-03-22 17:35:37
343,Alofi,-19.0595,-169.9187,80.6,89,100,12.66,NU,2021-03-22 17:35:37
344,Touros,-5.1989,-35.4608,86.0,62,40,13.8,BR,2021-03-22 17:35:37
345,Carolina,18.3808,-65.9574,84.2,51,40,20.71,PR,2021-03-22 17:34:19
346,Guozhen,34.3659,107.359,48.72,41,7,3.22,CN,2021-03-22 17:31:05
347,Bac Lieu,9.285,105.7244,81.66,72,29,20.27,VN,2021-03-22 17:35:38
348,Dodoma,-6.1722,35.7395,77.0,61,20,11.5,TZ,2021-03-22 17:35:38
349,Fairmont,39.4851,-80.1426,66.99,20,6,1.99,US,2021-03-22 17:35:38
350,Ewa Beach,21.3156,-158.0072,69.8,72,1,4.61,US,2021-03-22 17:35:38
351,Sorland,67.667,12.6934,41.0,93,75,17.27,NO,2021-03-22 17:35:39
352,Avera,33.194,-82.5271,70.0,52,1,11.5,US,2021-03-22 17:35:39
353,Porto Walter,-8.2686,-72.7439,91.53,43,72,2.57,BR,2021-03-22 17:35:39
354,Belaya Gora,68.5333,146.4167,-17.07,99,73,5.35,RU,2021-03-22 17:35:40
355,Bethanien,-26.502,17.1583,74.26,57,86,7.4,NA,2021-03-22 17:35:40
356,Salinopolis,-0.6136,-47.3561,81.21,81,100,6.17,BR,2021-03-22 17:35:40
357,Scottsbluff,41.8666,-103.6672,42.8,70,75,5.21,US,2021-03-22 17:35:41
358,Jambi,-1.6,103.6167,73.83,95,100,1.03,ID,2021-03-22 17:35:41
359,Sao Filipe,14.8961,-24.4956,70.36,75,0,10.65,CV,2021-03-22 17:35:44
360,Elmina,5.0898,-1.348,82.33,78,93,15.3,GH,2021-03-22 17:35:45
361,Kavieng,-2.5744,150.7967,82.72,75,82,9.69,PG,2021-03-22 17:35:45
362,Aquiraz,-3.9014,-38.3911,81.0,74,75,4.61,BR,2021-03-22 17:35:45
363,Warri,5.5167,5.75,78.57,87,90,4.38,NG,2021-03-22 17:35:46
364,Buala,-8.145,159.5921,79.38,81,49,3.02,SB,2021-03-22 17:35:46
365,Malindi,-3.2175,40.1191,82.4,78,75,9.22,KE,2021-03-22 17:35:46
366,Abu Samrah,35.3029,37.1841,62.24,57,66,7.16,SY,2021-03-22 17:35:47
367,Beni Suef,29.0731,31.0979,86.2,18,100,10.09,EG,2021-03-22 17:35:47
368,Dondo,-19.6094,34.7431,84.2,74,20,16.11,MZ,2021-03-22 17:35:47
369,Muscat,23.6139,58.5922,84.2,24,0,4.61,OM,2021-03-22 17:34:37
370,Ballina,-28.8667,153.5667,69.8,88,90,11.5,AU,2021-03-22 17:35:48
371,Karpogory,64.0019,44.4451,22.48,94,98,8.68,RU,2021-03-22 17:35:48
372,Orlik,52.5178,99.825,14.61,85,21,3.49,RU,2021-03-22 17:35:48
373,Stephenville,32.2207,-98.2023,57.2,88,90,11.5,US,2021-03-22 17:35:24
374,Bardiyah,31.7561,25.0865,64.87,73,65,15.26,LY,2021-03-22 17:35:49
375,Aykhal,66.0,111.5,-23.06,83,10,5.99,RU,2021-03-22 17:35:49
376,Sibu,2.3,111.8167,77.0,94,40,3.44,MY,2021-03-22 17:35:49
377,Tayshet,55.9342,98.0044,23.52,92,69,5.39,RU,2021-03-22 17:31:20
378,Lakes Entrance,-37.8811,147.981,63.0,96,100,1.99,AU,2021-03-22 17:35:50
379,Kirakira,-10.4544,161.9205,78.85,83,92,3.04,SB,2021-03-22 17:35:50
380,Hirara,24.8,125.2833,62.19,70,43,21.85,JP,2021-03-22 17:35:50
381,Richards Bay,-28.783,32.0377,68.04,87,11,7.54,ZA,2021-03-22 17:35:51
382,Vila Franca Do Campo,37.7167,-25.4333,62.6,72,75,10.36,PT,2021-03-22 17:35:51
383,Maun,-19.9833,23.4167,73.4,73,40,4.16,BW,2021-03-22 17:35:51
384,Torrington,41.8007,-73.1212,62.01,27,0,4.0,US,2021-03-22 17:35:52
385,Grindavik,63.8424,-22.4338,33.8,86,40,32.21,IS,2021-03-22 17:35:52
386,Usinsk,65.9939,57.5281,21.76,95,100,10.54,RU,2021-03-22 17:35:52
387,Pineville,31.3224,-92.4343,69.8,49,75,14.97,US,2021-03-22 17:35:53
388,Alta Floresta,-9.8756,-56.0861,89.6,55,40,4.61,BR,2021-03-22 17:35:53
389,Basco,20.4487,121.9702,70.86,79,60,31.27,PH,2021-03-22 17:35:53
390,Dauriya,49.9333,116.8667,29.88,76,87,13.29,RU,2021-03-22 17:35:54
391,Pisco,-13.7,-76.2167,77.0,61,0,23.02,PE,2021-03-22 17:35:54
392,Pochutla,15.7432,-96.4661,89.01,45,20,17.27,MX,2021-03-22 17:35:54
393,Santa Maria,-29.6842,-53.8069,77.0,78,75,12.66,BR,2021-03-22 17:35:54
394,Rabo De Peixe,37.8,-25.5833,62.6,72,75,10.36,PT,2021-03-22 17:35:55
395,Aitape,-3.1374,142.3475,78.89,85,68,3.8,PG,2021-03-22 17:35:55
396,Mabaruma,8.2,-59.7833,82.24,76,10,6.62,GY,2021-03-22 17:35:55
397,Narsaq,60.9167,-46.05,24.8,54,20,4.61,GL,2021-03-22 17:35:56
398,Votkinsk,57.0486,53.9872,27.0,87,100,3.0,RU,2021-03-22 17:35:56
399,Kariba,-16.5167,28.8,73.49,81,19,3.76,ZW,2021-03-22 17:33:25
400,Port Macquarie,-31.4333,152.9167,66.2,100,90,8.05,AU,2021-03-22 17:35:12
401,Losone,46.1687,8.7593,57.2,21,27,16.11,CH,2021-03-22 17:35:57
402,Pitimbu,-7.4706,-34.8086,86.0,66,20,12.66,BR,2021-03-22 17:35:57
403,Jalu,29.0331,21.5482,71.87,40,84,29.93,LY,2021-03-22 17:35:57
404,Vao,-22.6667,167.4833,75.16,74,80,16.24,NC,2021-03-22 17:35:58
405,Port Blair,11.6667,92.75,81.07,73,45,4.56,IN,2021-03-22 17:35:58
406,Beira,-19.8436,34.8389,84.2,74,20,16.11,MZ,2021-03-22 17:35:58
407,Beringovskiy,63.05,179.3167,-10.8,64,0,2.04,RU,2021-03-22 17:35:58
408,La Asuncion,11.0333,-63.8628,93.2,43,99,17.27,VE,2021-03-22 17:35:59
409,Pisticci,40.3906,16.5568,53.6,50,40,11.5,IT,2021-03-22 17:35:59
410,Deep River,46.1001,-77.4995,55.4,33,1,8.05,CA,2021-03-22 17:35:59
411,Mancio Lima,-7.6142,-72.8958,84.2,70,75,3.44,BR,2021-03-22 17:36:00
412,Veraval,20.9,70.3667,75.58,81,0,7.07,IN,2021-03-22 17:36:00
413,Ikalamavony,-21.15,46.5833,70.36,90,89,5.86,MG,2021-03-22 17:36:01
414,Cockburn Town,21.4612,-71.1419,80.6,65,40,9.22,TC,2021-03-22 17:36:01
415,Hay River,60.8156,-115.7999,-13.0,64,91,4.61,CA,2021-03-22 17:36:01
416,San Policarpo,12.1791,125.5072,80.17,84,51,12.15,PH,2021-03-22 17:36:02
417,Atascadero,35.4894,-120.6707,59.0,76,90,6.91,US,2021-03-22 17:36:02
418,Haines Junction,60.7522,-137.5108,8.6,56,25,2.3,CA,2021-03-22 17:36:02
419,Qinggang,46.6833,126.0833,33.21,66,93,10.87,CN,2021-03-22 17:36:03
420,Santa Clara,22.4,-79.9667,78.8,47,40,4.61,CU,2021-03-22 17:35:29
421,Ibotirama,-12.1853,-43.2206,94.5,25,51,4.59,BR,2021-03-22 17:36:03
422,Itatiaia,-22.4961,-44.5633,85.77,57,20,2.35,BR,2021-03-22 17:36:03
423,Shingu,33.7333,135.9833,40.39,82,1,5.17,JP,2021-03-22 17:35:01
424,Luderitz,-26.6481,15.1594,67.77,72,16,6.4,NA,2021-03-22 17:36:04
425,Cochrane,51.1834,-114.4687,39.99,30,90,13.8,CA,2021-03-22 17:33:08
426,Batticaloa,7.7102,81.6924,80.55,76,96,7.87,LK,2021-03-22 17:36:04
427,Chicama,-7.8447,-79.1469,75.2,78,38,10.36,PE,2021-03-22 17:36:04
428,Mount Gambier,-37.8333,140.7667,64.4,88,90,4.61,AU,2021-03-22 17:36:05
429,Brae,60.3964,-1.353,46.4,93,75,23.02,GB,2021-03-22 17:36:05
430,Cantavir,45.9219,19.7627,37.42,56,63,11.25,RS,2021-03-22 17:36:05
431,Tombouctou,20.0,-3.0,81.97,13,48,9.53,ML,2021-03-22 17:36:06
432,Saldanha,-33.0117,17.9442,82.4,28,0,8.05,ZA,2021-03-22 17:36:06
433,Hollins,37.3413,-79.9431,63.0,28,0,5.5,US,2021-03-22 17:36:06
434,Dutlwe,-23.9833,23.9,77.83,31,22,5.44,BW,2021-03-22 17:36:07
435,Flagstaff,35.1981,-111.6513,42.01,23,7,9.26,US,2021-03-22 17:35:28
436,Isangel,-19.55,169.2667,75.36,87,26,12.86,VU,2021-03-22 17:36:07
437,Guerrero Negro,27.9769,-114.0611,64.54,42,28,11.18,MX,2021-03-22 17:36:07
438,Labuhan,-6.8844,112.2051,78.66,85,77,6.06,ID,2021-03-22 17:36:08
439,Axim,4.8699,-2.2405,81.21,80,32,12.17,GH,2021-03-22 17:36:08
440,Kem,64.9555,34.5793,19.18,89,34,9.08,RU,2021-03-22 17:36:08
441,Alice Springs,-23.7,133.8833,68.0,94,90,6.91,AU,2021-03-22 17:36:09
442,Namibe,-15.1961,12.1522,73.18,80,98,14.58,AO,2021-03-22 17:36:06
443,Tambura,5.6,27.4667,80.56,61,33,3.38,SS,2021-03-22 17:36:09
444,Nishihara,26.1842,127.7558,59.0,62,75,8.05,JP,2021-03-22 17:36:09
445,Varna,43.2167,27.9167,34.0,93,90,9.22,BG,2021-03-22 17:36:10
446,Lompoc,34.6391,-120.4579,55.4,67,20,11.5,US,2021-03-22 17:36:10
447,Zhigansk,66.7697,123.3711,-27.15,93,84,11.27,RU,2021-03-22 17:36:10
448,Mayo,38.8876,-76.5119,61.0,54,1,9.22,US,2021-03-22 17:36:11
449,Cabo Rojo,18.0866,-67.1457,86.0,61,5,8.01,PR,2021-03-22 17:36:11
450,Wawa,9.9022,4.4192,94.62,22,25,3.2,NG,2021-03-22 17:36:11
451,Hammond,41.5834,-87.5,64.99,36,1,19.57,US,2021-03-22 17:33:46
452,Canyon,34.9803,-101.9188,44.6,93,90,12.66,US,2021-03-22 17:36:12
453,Lujan,-34.5703,-59.105,75.99,64,15,1.99,AR,2021-03-22 17:36:12
454,Bluefield,37.2698,-81.2223,60.01,22,1,9.22,US,2021-03-22 17:32:30
455,Jacareacanga,-6.2222,-57.7528,86.0,70,40,3.44,BR,2021-03-22 17:36:13
456,Leningradskiy,69.3833,178.4167,-18.38,86,26,4.79,RU,2021-03-22 17:36:13
457,Ajdabiya,30.7554,20.2263,61.54,70,0,29.93,LY,2021-03-22 17:36:13
458,Ierapetra,35.01,25.7353,63.0,78,75,10.63,GR,2021-03-22 17:36:13
459,Portland,45.5234,-122.6762,46.99,81,75,5.75,US,2021-03-22 17:34:35
460,Samarai,-10.6167,150.6667,82.18,81,100,9.89,PG,2021-03-22 17:36:14
461,Vanimo,-2.6741,141.3028,78.87,84,100,0.65,PG,2021-03-22 17:36:14
462,Palmares Do Sul,-30.2578,-50.5097,74.8,71,99,9.24,BR,2021-03-22 17:36:14
463,Ukiah,39.1502,-123.2078,53.01,53,20,6.93,US,2021-03-22 17:36:15
464,Lokomotivnyy,53.0118,60.5684,13.96,91,23,8.66,RU,2021-03-22 17:36:15
465,Pandan,14.0453,124.1694,77.88,87,93,16.06,PH,2021-03-22 17:36:15
466,Kyra,49.5776,111.9753,28.42,80,100,6.33,RU,2021-03-22 17:36:15
467,Purpe,64.4803,76.6897,5.56,95,65,10.02,RU,2021-03-22 17:36:16
468,Singaparna,-7.3515,108.111,72.9,95,99,0.56,ID,2021-03-22 17:36:16
469,Taga,46.95,24.05,37.4,60,40,10.36,RO,2021-03-22 17:36:16
470,Puerto Quijarro,-17.7833,-57.7667,87.46,65,67,5.44,BO,2021-03-22 17:36:17
471,Puerto Suarez,-18.95,-57.8,87.8,79,75,11.5,BO,2021-03-22 17:36:17
472,Florence,43.7667,11.25,53.01,43,3,15.01,IT,2021-03-22 17:36:17
473,Pacific Grove,36.6177,-121.9166,54.0,66,75,10.36,US,2021-03-22 17:35:56
474,Tocopilla,-22.092,-70.1979,74.07,63,71,8.12,CL,2021-03-22 17:36:18
475,Shilovo,54.3204,40.874,26.49,96,100,7.11,RU,2021-03-22 17:36:18
476,Mahajanga,-15.7167,46.3167,80.6,83,40,3.44,MG,2021-03-22 17:36:18
477,Pouebo,-20.4,164.5667,74.12,85,57,10.96,NC,2021-03-22 17:36:19
478,Ercis,39.0287,43.3586,48.2,53,75,10.36,TR,2021-03-22 17:36:19
479,Melilla,35.2937,-2.9383,64.4,34,0,6.91,ES,2021-03-22 17:36:19
480,Hasaki,35.7333,140.8333,42.8,93,75,2.3,JP,2021-03-22 17:36:20
481,Chosica,-11.9431,-76.7094,78.8,61,0,6.91,PE,2021-03-22 17:34:29
482,Dalvik,65.9702,-18.5286,35.6,60,75,13.8,IS,2021-03-22 17:36:20
483,Srednekolymsk,67.45,153.6833,-7.26,83,17,6.4,RU,2021-03-22 17:36:20
484,Gunnedah,-30.9833,150.25,64.0,96,100,1.99,AU,2021-03-22 17:36:20
485,Margate,51.3813,1.3862,51.01,65,39,1.01,GB,2021-03-22 17:36:21
486,Nongpoh,25.9,91.8833,71.6,60,40,4.68,IN,2021-03-22 17:36:21
487,Cortez,37.3489,-108.5859,44.6,45,1,16.11,US,2021-03-22 17:36:21
488,Bay Roberts,47.5999,-53.2648,48.2,46,75,29.93,CA,2021-03-22 17:36:22
489,Kovdor,67.5662,30.4758,15.31,89,41,5.17,RU,2021-03-22 17:36:22
490,Fernie,49.5,-115.0687,37.4,69,100,9.22,CA,2021-03-22 17:36:02
491,Hofn,64.2539,-15.2082,39.2,70,40,25.32,IS,2021-03-22 17:36:22
492,Muisne,0.6,-80.0333,82.4,78,75,3.44,EC,2021-03-22 17:36:23
493,Russell,32.3502,-85.1999,70.0,46,1,8.05,US,2021-03-22 17:36:23
494,Chernyshevskiy,63.0128,112.4714,-27.51,97,0,0.92,RU,2021-03-22 17:36:23
495,Acarau,-2.8856,-40.12,82.33,73,99,11.16,BR,2021-03-22 17:36:24
496,Shetpe,44.1667,52.1167,38.23,58,9,6.46,KZ,2021-03-22 17:36:24
497,Yanam,16.7333,82.2167,82.4,65,20,6.91,IN,2021-03-22 17:36:24
498,Gusinoye Ozero,51.1144,106.2614,30.72,94,91,2.24,RU,2021-03-22 17:36:25
499,Nara,34.6851,135.8049,43.0,89,17,6.73,JP,2021-03-22 17:36:25
500,Liverpool,53.4106,-2.9779,51.8,66,20,9.22,GB,2021-03-22 17:36:25
501,Naze,28.3667,129.4833,52.75,67,72,16.22,JP,2021-03-22 17:36:26
502,Sokolo,14.7328,-6.1219,98.64,10,23,6.08,ML,2021-03-22 17:36:26
503,Juneau,58.3019,-134.4197,32.0,86,90,3.11,US,2021-03-22 17:35:19
504,Dwarka,22.2394,68.9678,77.11,84,0,13.15,IN,2021-03-22 17:36:26
505,Pachino,36.7186,15.0907,48.2,76,20,3.44,IT,2021-03-22 17:36:27
506,High Rock,26.6208,-78.2833,73.4,56,20,9.22,BS,2021-03-22 17:36:27
507,Kaeo,-35.1,173.7833,60.01,89,28,3.0,NZ,2021-03-22 17:36:27
508,Marsa Matruh,31.3525,27.2453,71.6,37,0,11.5,EG,2021-03-22 17:36:28
509,Tamboril,19.4854,-70.611,86.0,54,75,13.8,DO,2021-03-22 17:36:28
510,La Ronge,55.1001,-105.2842,23.0,68,97,8.05,CA,2021-03-22 17:36:28
511,Aban,56.67,96.06,21.54,91,75,7.31,RU,2021-03-22 17:36:29
512,Santo Angelo,-28.2992,-54.2631,82.4,74,40,6.91,BR,2021-03-22 17:34:52
513,Mazamari,-11.3258,-74.5308,89.6,47,61,2.48,PE,2021-03-22 17:36:29
514,Rawson,-43.3002,-65.1023,82.13,22,0,9.46,AR,2021-03-22 17:32:38
515,Ayacucho,-13.1583,-74.2239,69.8,46,75,2.3,PE,2021-03-22 17:36:29
516,Adrar,20.5022,-10.0711,83.48,9,0,1.1,MR,2021-03-22 17:36:30
517,Areia Branca,-4.9561,-37.1369,95.0,41,40,16.11,BR,2021-03-22 17:36:30
518,Namatanai,-3.6667,152.4333,79.3,78,48,5.75,PG,2021-03-22 17:36:30
519,Broken Hill,-31.95,141.4333,64.4,94,90,11.5,AU,2021-03-22 17:36:31
520,Rivera,-30.9053,-55.5508,77.74,59,83,5.35,UY,2021-03-22 17:36:31
521,Muhos,64.808,25.9931,21.2,68,0,3.44,FI,2021-03-22 17:36:31
522,Marrakesh,31.6315,-8.0083,71.6,30,20,8.05,MA,2021-03-22 17:34:43
523,Kuhdasht,33.535,47.6061,56.34,48,97,1.21,IR,2021-03-22 17:36:32
524,Toul,48.6667,5.9167,53.6,65,90,5.75,FR,2021-03-22 17:36:32
525,Mandali,33.7499,45.5541,76.3,24,100,2.73,IQ,2021-03-22 17:36:32
526,Horta,38.5333,-28.6333,62.6,77,40,17.27,PT,2021-03-22 17:36:33
527,Dingle,10.9995,122.6711,76.68,89,85,8.77,PH,2021-03-22 17:36:33
528,Petropavlovsk-Kamchatskiy,53.0452,158.6483,35.6,100,90,6.71,RU,2021-03-22 17:36:33
529,Kahului,20.8947,-156.47,69.01,94,40,6.91,US,2021-03-22 17:32:18
530,Camana,-16.6228,-72.7111,75.4,73,75,11.25,PE,2021-03-22 17:36:34
531,Baracoa,20.3467,-74.4958,82.26,65,4,4.12,CU,2021-03-22 17:36:34
532,Havoysund,70.9963,24.6622,30.2,64,75,16.11,NO,2021-03-22 17:36:34
533,Hat Yai,7.0084,100.4767,78.8,89,20,3.44,TH,2021-03-22 17:36:35
534,Nantucket,41.2835,-70.0995,53.6,62,1,12.66,US,2021-03-22 17:36:35
535,Detchino,54.8092,36.3075,32.0,80,0,4.47,RU,2021-03-22 17:36:35
536,Alto Piquiri,-24.0281,-53.4406,81.77,76,76,9.15,BR,2021-03-22 17:36:35
537,Olafsvik,64.8945,-23.7142,36.81,62,97,40.06,IS,2021-03-22 17:36:36
538,Brindisi,40.5833,17.6667,51.8,46,20,14.97,IT,2021-03-22 17:36:36
539,Coahuayana,18.7333,-103.6833,82.4,26,1,6.69,MX,2021-03-22 17:36:36
540,Alghero,40.5589,8.3181,53.6,50,0,5.75,IT,2021-03-22 17:36:36
541,Ciudad Bolivar,8.1222,-63.5497,95.31,34,7,8.48,VE,2021-03-22 17:36:37
542,Kieta,-6.2167,155.6333,78.69,81,97,2.48,PG,2021-03-22 17:36:37
543,Nhulunbuy,-12.2333,136.7667,77.0,94,89,2.66,AU,2021-03-22 17:36:37
544,Kilindoni,-7.9139,39.6668,83.79,74,51,9.06,TZ,2021-03-22 17:36:38
545,Westport,41.1415,-73.3579,57.0,66,1,9.22,US,2021-03-22 17:33:12
546,Egvekinot,66.3167,-179.1667,-18.44,99,82,1.48,RU,2021-03-22 17:36:38
547,Baglung,28.2719,83.5898,62.67,30,19,6.73,NP,2021-03-22 17:36:38
548,Ous,60.9058,61.5186,23.23,89,97,8.37,RU,2021-03-22 17:36:39
549,Kamenka,51.3223,42.7678,34.0,78,98,8.5,RU,2021-03-22 17:36:39
550,Kulhudhuffushi,6.6221,73.07,84.24,68,23,6.04,MV,2021-03-22 17:36:39
551,Ondjiva,-17.0667,15.7333,74.12,68,86,3.0,AO,2021-03-22 17:36:40
552,Sovetskaya,44.7769,41.1722,43.41,72,85,15.41,RU,2021-03-22 17:36:40
553,Takoradi,4.8845,-1.7554,81.86,78,64,12.15,GH,2021-03-22 17:36:40
554,Vila,42.0304,-8.1588,64.0,51,0,10.36,PT,2021-03-22 17:36:41
555,Linhares,-19.3911,-40.0722,86.56,64,48,2.84,BR,2021-03-22 17:36:41
556,Sarnia,42.9787,-82.4041,66.2,30,1,13.8,CA,2021-03-22 17:35:12
557,Elizabeth City,36.2946,-76.2511,62.01,72,90,23.02,US,2021-03-22 17:33:09
558,Gaziantep,37.0594,37.3825,53.6,71,0,3.44,TR,2021-03-22 17:36:41
559,Celldomolk,47.2571,17.1503,37.4,60,0,18.41,HU,2021-03-22 17:36:42
560,Cocobeach,1.0002,9.5823,80.6,83,20,9.22,GA,2021-03-22 17:36:42
561,Vysokogornyy,50.1167,139.15,14.18,98,97,4.25,RU,2021-03-22 17:36:42
562,Krumbach,48.2418,10.3632,37.99,66,99,4.21,DE,2021-03-22 17:36:43
563,Hailar,49.2,119.7,33.39,76,100,12.12,CN,2021-03-22 17:36:43
564,Manzanillo,20.3433,-77.1167,86.4,49,31,6.8,CU,2021-03-22 17:36:43
565,Osoyoos,49.0331,-119.4524,44.6,57,49,4.61,CA,2021-03-22 17:36:44
566,Neuquen,-38.9516,-68.0591,80.6,39,0,2.3,AR,2021-03-22 17:36:44
567,Teeli,51.0333,90.2333,26.51,82,52,0.78,RU,2021-03-22 17:36:44
568,Garissa,-0.4536,39.6401,93.29,33,93,13.38,KE,2021-03-22 17:36:45
569,Morehead,37.2711,-87.1764,68.0,37,40,10.36,US,2021-03-22 17:36:45
570,Geilo,60.5333,8.2076,32.0,86,100,6.11,NO,2021-03-22 17:36:45
571,Guarapari,-20.6667,-40.4975,88.0,66,40,11.5,BR,2021-03-22 17:36:46
572,Morondava,-20.2833,44.2833,81.79,79,0,11.81,MG,2021-03-22 17:36:46
573,Vostok,46.4856,135.8833,22.15,96,90,5.7,RU,2021-03-22 17:36:46
574,Nabire,-3.3667,135.4833,76.06,90,100,2.98,ID,2021-03-22 17:36:46
575,Macamic,48.7502,-78.9996,55.4,28,75,20.71,CA,2021-03-22 17:36:47
576,Moose Factory,51.2585,-80.6094,44.6,81,90,16.11,CA,2021-03-22 17:36:47
577,Wadi,17.0667,76.9833,84.11,26,21,10.13,IN,2021-03-22 17:36:47
